{"stats":{"minecraft:crafted":{"minecraft:oak_planks":44,"minecraft:crafting_table":1,"minecraft:cooked_chicken":4,"minecraft:furnace":1,"minecraft:air":0,"minecraft:glass":4,"minecraft:charcoal":15,"minecraft:shield":1,"minecraft:iron_axe":1,"minecraft:stick":8,"minecraft:iron_ingot":3,"minecraft:iron_pickaxe":1,"minecraft:dark_oak_planks":40},"minecraft:mined":{"minecraft:dark_oak_planks":9,"minecraft:spruce_planks":2,"minecraft:white_bed":2,"minecraft:crafting_table":1,"gravestone:gravestone":7,"minecraft:dark_oak_wood":7,"minecraft:grass_block":10,"minecraft:cobblestone":2,"minecraft:wall_torch":1,"minecraft:tall_seagrass":3,"minecraft:seagrass":1,"minecraft:spruce_stairs":1,"minecraft:red_terracotta":3,"minecraft:fire":6,"minecraft:iron_ore":9,"minecraft:andesite":3,"minecraft:birch_leaves":1,"treechop:chopped_log":2,"minecraft:oak_log":12,"minecraft:sand":4,"minecraft:dirt":20,"minecraft:stone":20,"minecraft:stone_bricks":3,"minecraft:oak_leaves":55},"minecraft:killed":{"lava_monster:lava_monster":1,"aquaculture:muskellunge":3,"minecraft:skeleton":1,"aquaculture:minnow":1,"aquaculture:brown_trout":3,"alexsmobs:crow":1,"aquaculture:carp":1},"minecraft:custom":{"minecraft:interact_with_furnace":18,"minecraft:mob_kills":17,"minecraft:interact_with_crafting_table":17,"minecraft:play_one_minute":58088,"minecraft:leave_game":1,"minecraft:time_since_death":10235,"minecraft:sleep_in_bed":4,"minecraft:climb_one_cm":4286,"minecraft:time_since_rest":1291,"minecraft:sprint_one_cm":83481,"minecraft:damage_taken":3425,"minecraft:walk_one_cm":152432,"minecraft:damage_blocked_by_shield":244,"minecraft:drop":45,"minecraft:damage_dealt":1664,"minecraft:swim_one_cm":8685,"minecraft:player_kills":2,"minecraft:fly_one_cm":103104,"minecraft:open_chest":9,"minecraft:crouch_one_cm":11843,"minecraft:deaths":12,"minecraft:sneak_time":3830,"minecraft:walk_under_water_one_cm":18395,"minecraft:jump":905,"minecraft:walk_on_water_one_cm":25086,"minecraft:fall_one_cm":34880},"minecraft:picked_up":{"minecraft:wooden_axe":1,"minecraft:charcoal":6,"minecraft:iron_chestplate":1,"minecraft:crafting_table":1,"minecraft:ladder":1,"minecraft:andesite":2,"gravestone:obituary":9,"minecraft:oak_log":11,"minecraft:shield":1,"minecraft:dirt":54,"aquaculture:muskellunge":3,"minecraft:iron_axe":1,"minecraft:wooden_sword":1,"minecraft:iron_leggings":1,"minecraft:leather_boots":2,"minecraft:iron_shovel":1,"minecraft:bone":5,"minecraft:stone_bricks":2,"minecraft:spruce_planks":2,"minecraft:iron_ingot":7,"minecraft:iron_ore":10,"minecraft:iron_nugget":3,"aquaculture:minnow":2,"minecraft:iron_pickaxe":2,"minecraft:furnace":1,"minecraft:iron_boots":1,"minecraft:dark_oak_sapling":1,"dragonmounts:aether_dragon_egg":2,"minecraft:stick":2,"minecraft:sweet_berries":2,"minecraft:torch":3,"minecraft:fire_charge":3,"minecraft:sand":4,"minecraft:spruce_sapling":38,"minecraft:white_bed":2,"minecraft:red_terracotta":8,"minecraft:dark_oak_planks":16,"minecraft:stone_sword":1,"minecraft:arrow":4,"aquaculture:brown_trout":2,"minecraft:iron_helmet":3,"minecraft:crossbow":1,"minecraft:bone_meal":2,"aquaculture:carp":1,"minecraft:oak_sapling":2,"minecraft:dark_oak_wood":6,"minecraft:coal":2,"minecraft:cobblestone":66},"minecraft:killed_by":{"minecraft:player":1,"alexsmobs:crocodile":1,"minecraft:skeleton":2,"minecraft:zombie":1,"lava_monster:lava_monster":4},"minecraft:dropped":{"minecraft:iron_ingot":4,"minecraft:stone_sword":2,"minecraft:diamond":4,"alexsmobs:crocodile_egg":2,"minecraft:experience_bottle":3,"minecraft:crossbow":1,"minecraft:cobblestone":1,"aquaculture:minnow":2,"minecraft:stick":2,"minecraft:charcoal":15,"minecraft:leather_boots":2,"gravestone:obituary":10,"minecraft:wooden_sword":1,"minecraft:iron_pickaxe":1,"minecraft:iron_shovel":1,"minecraft:white_wool":7},"minecraft:used":{"minecraft:iron_shovel":31,"minecraft:oak_planks":38,"aquaculture:brown_trout":2,"minecraft:shield":11,"dragonmounts:aether_dragon_egg":1,"minecraft:cooked_chicken":2,"minecraft:torch":1,"minecraft:dirt":2,"minecraft:crafting_table":1,"minecraft:white_bed":2,"aquaculture:muskellunge":3,"minecraft:glass":4,"minecraft:dark_oak_planks":42,"minecraft:wooden_axe":1,"aquaculture:carp":1,"minecraft:iron_axe":104,"minecraft:bread":3,"minecraft:iron_pickaxe":42,"minecraft:cobblestone":36,"minecraft:sweet_berries":2,"minecraft:furnace":1}},"DataVersion":2586}