{"stats":{"minecraft:broken":{"minecraft:iron_shovel":2,"minecraft:iron_axe":1},"minecraft:used":{"minecraft:oak_fence":1,"minecraft:acacia_log":3,"minecraft:iron_shovel":752,"aquaculture:brown_trout":2,"minecraft:shield":21,"dragonmounts:aether_dragon_egg":1,"minecraft:cooked_chicken":2,"minecraft:torch":1,"minecraft:dirt":86,"aquaculture:muskellunge":3,"minecraft:dark_oak_planks":42,"minecraft:glass":4,"minecraft:wooden_axe":1,"minecraft:iron_axe":394,"minecraft:sweet_berries":10,"minecraft:oak_sapling":1,"minecraft:furnace":1,"minecraft:orange_terracotta":1,"minecraft:water_bucket":15,"minecraft:iron_ore":1,"minecraft:birch_planks":12,"minecraft:baked_potato":6,"minecraft:oak_planks":38,"minecraft:yellow_terracotta":1,"minecraft:crafting_table":2,"minecraft:white_bed":2,"minecraft:cod":1,"minecraft:apple":4,"aquaculture:carp":1,"minecraft:iron_pickaxe":107,"minecraft:bread":10,"minecraft:red_terracotta":1,"minecraft:cobblestone":590,"minecraft:bucket":16,"minecraft:bone_meal":1},"minecraft:crafted":{"minecraft:oak_planks":960,"minecraft:cooked_chicken":4,"minecraft:furnace":1,"minecraft:bone_meal":6,"minecraft:glass":4,"minecraft:iron_axe":2,"minecraft:dark_oak_planks":40,"minecraft:wheat":99,"minecraft:crafting_table":2,"minecraft:baked_potato":3,"minecraft:bucket":1,"minecraft:birch_planks":12,"minecraft:bread":35,"minecraft:air":0,"minecraft:charcoal":15,"minecraft:shield":1,"minecraft:stick":8,"minecraft:iron_pickaxe":1,"minecraft:iron_ingot":7,"minecraft:iron_shovel":3},"minecraft:killed_by":{"minecraft:player":4,"alexsmobs:crocodile":2,"minecraft:skeleton":2,"minecraft:zombie":1,"lava_monster:lava_monster":4},"minecraft:killed":{"alexsmobs:raccoon":1,"aquaculture:muskellunge":3,"minecraft:skeleton":3,"aquaculture:brown_trout":3,"aquaculture:carp":1,"minecraft:iron_golem":1,"minecraft:wandering_trader":1,"lava_monster:lava_monster":1,"minecraft:trader_llama":1,"aquaculture:minnow":1,"alexsmobs:crocodile":1,"alexsmobs:elephant":1,"alexsmobs:gazelle":1,"alexsmobs:crow":1},"minecraft:dropped":{"minecraft:iron_ingot":4,"minecraft:birch_planks":1,"minecraft:wheat_seeds":34,"minecraft:diamond":4,"minecraft:crossbow":1,"minecraft:cobblestone":2,"aquaculture:minnow":2,"minecraft:acacia_log":6,"minecraft:dirt":8,"minecraft:stick":2,"gravestone:obituary":16,"minecraft:wooden_sword":1,"minecraft:iron_axe":1,"minecraft:iron_pickaxe":1,"minecraft:iron_shovel":1,"alexsmobs:raccoon_tail":1,"minecraft:white_wool":7,"minecraft:spruce_sapling":19,"minecraft:dandelion":1,"alexsmobs:maggot":2,"alexsmobs:gazelle_horn":1,"alexsmobs:acacia_blossom":1,"minecraft:stone_sword":2,"alexsmobs:crocodile_egg":2,"minecraft:birch_sapling":4,"minecraft:experience_bottle":3,"minecraft:rotten_flesh":4,"minecraft:charcoal":15,"minecraft:acacia_sapling":5,"minecraft:oak_sapling":46,"minecraft:leather_boots":2,"minecraft:arrow":1},"minecraft:custom":{"minecraft:interact_with_smithing_table":3,"minecraft:mob_kills":27,"minecraft:interact_with_crafting_table":27,"minecraft:bell_ring":67,"minecraft:leave_game":6,"minecraft:time_since_death":28177,"minecraft:climb_one_cm":4286,"minecraft:sprint_one_cm":219534,"minecraft:walk_one_cm":429860,"minecraft:damage_blocked_by_shield":391,"minecraft:drop":72,"minecraft:talked_to_villager":2,"minecraft:deaths":16,"minecraft:sneak_time":15774,"minecraft:walk_under_water_one_cm":26571,"minecraft:jump":2470,"minecraft:interact_with_blast_furnace":1,"minecraft:walk_on_water_one_cm":41173,"minecraft:interact_with_furnace":26,"minecraft:interact_with_cartography_table":1,"minecraft:play_one_minute":172304,"minecraft:sleep_in_bed":6,"minecraft:waystone_activated":2,"minecraft:time_since_rest":28209,"minecraft:damage_taken":4766,"minecraft:damage_dealt":5118,"minecraft:swim_one_cm":8685,"minecraft:fly_one_cm":401925,"minecraft:player_kills":3,"minecraft:open_chest":39,"minecraft:crouch_one_cm":66382,"minecraft:fall_one_cm":81708},"minecraft:picked_up":{"minecraft:wooden_axe":1,"minecraft:charcoal":6,"minecraft:crafting_table":1,"minecraft:iron_chestplate":1,"minecraft:ladder":1,"minecraft:smithing_table":1,"minecraft:lead":4,"gravestone:obituary":13,"minecraft:shield":1,"minecraft:red_bed":2,"alexsmobs:gazelle_horn":1,"aquaculture:muskellunge":3,"minecraft:iron_axe":3,"minecraft:wooden_sword":1,"minecraft:iron_leggings":1,"minecraft:iron_shovel":1,"minecraft:spruce_planks":2,"minecraft:iron_nugget":3,"minecraft:poppy":10,"minecraft:iron_pickaxe":2,"alexsmobs:raccoon_tail":2,"minecraft:birch_sapling":4,"minecraft:iron_boots":1,"minecraft:furnace":1,"minecraft:dark_oak_sapling":1,"dragonmounts:aether_dragon_egg":2,"minecraft:stick":69,"minecraft:oak_fence":2,"minecraft:torch":3,"minecraft:acacia_log":9,"minecraft:fire_charge":3,"alexsmobs:crocodile_scute":1,"minecraft:dark_oak_planks":16,"minecraft:orange_bed":3,"minecraft:stone_sword":1,"minecraft:arrow":4,"minecraft:rotten_flesh":4,"aquaculture:brown_trout":2,"minecraft:hay_block":11,"minecraft:yellow_terracotta":3,"aquaculture:carp":1,"minecraft:cod":1,"minecraft:cobblestone":848,"minecraft:birch_log":3,"minecraft:andesite":2,"alexsmobs:acacia_blossom":1,"minecraft:birch_planks":5,"minecraft:oak_log":149,"minecraft:dirt":630,"minecraft:orange_terracotta":2,"minecraft:leather_boots":2,"minecraft:bone":6,"minecraft:apple":4,"minecraft:stone_bricks":2,"minecraft:wheat_seeds":32,"minecraft:iron_ingot":10,"minecraft:iron_ore":22,"aquaculture:minnow":2,"minecraft:acacia_sapling":5,"minecraft:sweet_berries":10,"minecraft:dandelion":1,"minecraft:sand":110,"minecraft:spruce_sapling":38,"minecraft:white_bed":2,"minecraft:red_terracotta":9,"minecraft:iron_helmet":3,"minecraft:crossbow":1,"minecraft:bone_meal":2,"minecraft:bread":8,"alexsmobs:maggot":2,"minecraft:baked_potato":5,"minecraft:oak_sapling":48,"minecraft:dark_oak_wood":6,"minecraft:coal":2},"minecraft:mined":{"minecraft:dark_oak_planks":9,"minecraft:spruce_planks":2,"minecraft:white_bed":3,"gravestone:gravestone":11,"minecraft:acacia_log":10,"minecraft:grass_block":265,"minecraft:hay_block":12,"minecraft:tall_seagrass":3,"minecraft:iron_ore":21,"minecraft:fire":6,"minecraft:andesite":3,"treechop:chopped_log":55,"minecraft:stone":31,"minecraft:orange_bed":3,"minecraft:smithing_table":1,"minecraft:acacia_leaves":72,"minecraft:glass_pane":4,"minecraft:red_bed":2,"minecraft:orange_terracotta":2,"minecraft:dandelion":1,"minecraft:oak_fence":1,"minecraft:crafting_table":1,"minecraft:dark_oak_wood":7,"minecraft:poppy":2,"minecraft:tall_grass":2,"minecraft:cobblestone":33,"minecraft:wall_torch":1,"minecraft:spruce_stairs":1,"minecraft:seagrass":1,"minecraft:birch_planks":5,"minecraft:red_terracotta":4,"minecraft:wheat":3,"minecraft:sweet_berry_bush":4,"minecraft:birch_leaves":64,"minecraft:grass_path":3,"minecraft:grass":60,"minecraft:oak_log":152,"minecraft:sand":114,"minecraft:dirt":342,"minecraft:stone_bricks":3,"minecraft:oak_leaves":1358,"minecraft:yellow_terracotta":3}},"DataVersion":2586}