{"stats":{"minecraft:crafted":{"minecraft:oak_planks":20,"minecraft:charcoal":15,"minecraft:shield":1,"minecraft:crafting_table":1,"minecraft:iron_axe":1,"minecraft:stick":4,"minecraft:iron_ingot":3,"minecraft:iron_pickaxe":1,"minecraft:dark_oak_planks":40,"minecraft:air":0},"minecraft:mined":{"minecraft:dark_oak_planks":9,"minecraft:spruce_stairs":1,"minecraft:red_terracotta":3,"minecraft:spruce_planks":2,"minecraft:white_bed":1,"minecraft:crafting_table":1,"gravestone:gravestone":2,"minecraft:dark_oak_wood":7,"minecraft:grass_block":7,"minecraft:oak_log":4,"minecraft:dirt":6,"minecraft:stone_bricks":3,"minecraft:oak_leaves":2},"minecraft:killed":{"minecraft:skeleton":1},"minecraft:custom":{"minecraft:time_since_rest":1067,"minecraft:interact_with_furnace":4,"minecraft:sprint_one_cm":22106,"minecraft:damage_taken":1026,"minecraft:walk_one_cm":60671,"minecraft:damage_blocked_by_shield":60,"minecraft:mob_kills":4,"minecraft:drop":21,"minecraft:damage_dealt":430,"minecraft:swim_one_cm":2787,"minecraft:interact_with_crafting_table":13,"minecraft:fly_one_cm":39065,"minecraft:open_chest":9,"minecraft:crouch_one_cm":2018,"minecraft:play_one_minute":22088,"minecraft:deaths":3,"minecraft:sneak_time":542,"minecraft:walk_under_water_one_cm":672,"minecraft:jump":307,"minecraft:leave_game":1,"minecraft:time_since_death":12435,"minecraft:walk_on_water_one_cm":1597,"minecraft:sleep_in_bed":1,"minecraft:climb_one_cm":4286,"minecraft:fall_one_cm":7720},"minecraft:picked_up":{"minecraft:wooden_axe":1,"minecraft:dark_oak_sapling":1,"minecraft:stick":2,"minecraft:ladder":1,"minecraft:oak_log":5,"minecraft:spruce_sapling":19,"minecraft:white_bed":2,"minecraft:red_terracotta":4,"minecraft:dirt":12,"minecraft:dark_oak_planks":10,"minecraft:wooden_sword":1,"minecraft:leather_boots":2,"minecraft:arrow":3,"minecraft:iron_shovel":1,"minecraft:bone":4,"minecraft:stone_bricks":2,"minecraft:spruce_planks":2,"minecraft:iron_helmet":1,"minecraft:dark_oak_wood":6,"minecraft:crafting_table":1,"dragonmounts:aether_dragon_egg":1},"minecraft:killed_by":{"alexsmobs:crocodile":1,"minecraft:skeleton":2},"minecraft:dropped":{"minecraft:stone_sword":1,"minecraft:charcoal":15,"minecraft:leather_boots":2,"minecraft:wooden_sword":1,"minecraft:iron_shovel":1,"minecraft:white_wool":7},"minecraft:used":{"minecraft:wooden_axe":1,"minecraft:dark_oak_planks":4,"minecraft:iron_shovel":13,"minecraft:iron_axe":36,"minecraft:bread":3,"minecraft:iron_pickaxe":6,"minecraft:oak_planks":2,"minecraft:shield":1,"dragonmounts:aether_dragon_egg":1,"minecraft:crafting_table":1,"minecraft:white_bed":1}},"DataVersion":2586}