{"stats":{"minecraft:crafted":{"minecraft:oak_planks":736,"minecraft:crafting_table":1,"minecraft:cooked_chicken":4,"minecraft:furnace":1,"minecraft:bucket":1,"minecraft:birch_planks":12,"minecraft:bread":2,"minecraft:air":0,"minecraft:glass":4,"minecraft:charcoal":15,"minecraft:shield":1,"minecraft:iron_axe":2,"minecraft:stick":8,"minecraft:iron_ingot":7,"minecraft:iron_pickaxe":1,"minecraft:iron_shovel":1,"minecraft:dark_oak_planks":40},"minecraft:mined":{"minecraft:dark_oak_planks":9,"minecraft:spruce_planks":2,"minecraft:white_bed":2,"minecraft:dandelion":1,"minecraft:crafting_table":1,"gravestone:gravestone":9,"minecraft:dark_oak_wood":7,"minecraft:grass_block":26,"minecraft:cobblestone":2,"minecraft:birch_planks":2,"minecraft:wall_torch":1,"minecraft:tall_seagrass":3,"minecraft:seagrass":1,"minecraft:spruce_stairs":1,"minecraft:red_terracotta":3,"minecraft:sweet_berry_bush":4,"minecraft:fire":6,"minecraft:iron_ore":12,"minecraft:andesite":3,"minecraft:birch_leaves":64,"treechop:chopped_log":53,"minecraft:grass":3,"minecraft:oak_log":152,"minecraft:sand":8,"minecraft:dirt":44,"minecraft:stone":22,"minecraft:stone_bricks":3,"minecraft:oak_leaves":1358},"minecraft:killed":{"alexsmobs:raccoon":1,"lava_monster:lava_monster":1,"aquaculture:muskellunge":3,"minecraft:skeleton":1,"aquaculture:minnow":1,"aquaculture:brown_trout":3,"alexsmobs:crow":1,"aquaculture:carp":1},"minecraft:custom":{"minecraft:interact_with_furnace":24,"minecraft:mob_kills":19,"minecraft:interact_with_crafting_table":22,"minecraft:play_one_minute":82672,"minecraft:leave_game":2,"minecraft:time_since_death":19229,"minecraft:sleep_in_bed":5,"minecraft:climb_one_cm":4286,"minecraft:time_since_rest":12719,"minecraft:sprint_one_cm":119360,"minecraft:damage_taken":3876,"minecraft:walk_one_cm":245443,"minecraft:damage_blocked_by_shield":369,"minecraft:drop":48,"minecraft:damage_dealt":2049,"minecraft:swim_one_cm":8685,"minecraft:player_kills":3,"minecraft:fly_one_cm":136363,"minecraft:open_chest":11,"minecraft:crouch_one_cm":13881,"minecraft:deaths":14,"minecraft:sneak_time":4716,"minecraft:walk_under_water_one_cm":22635,"minecraft:jump":1200,"minecraft:walk_on_water_one_cm":34427,"minecraft:fall_one_cm":44326},"minecraft:picked_up":{"minecraft:wooden_axe":1,"minecraft:birch_log":3,"minecraft:charcoal":6,"minecraft:iron_chestplate":1,"minecraft:crafting_table":1,"minecraft:ladder":1,"minecraft:andesite":2,"minecraft:birch_planks":2,"gravestone:obituary":10,"minecraft:oak_log":149,"minecraft:shield":1,"minecraft:dirt":77,"aquaculture:muskellunge":3,"minecraft:iron_axe":2,"minecraft:wooden_sword":1,"minecraft:iron_leggings":1,"minecraft:leather_boots":2,"minecraft:iron_shovel":1,"minecraft:bone":5,"minecraft:apple":4,"minecraft:stone_bricks":2,"minecraft:wheat_seeds":1,"minecraft:spruce_planks":2,"minecraft:iron_ingot":7,"minecraft:iron_ore":13,"minecraft:iron_nugget":3,"aquaculture:minnow":2,"minecraft:iron_pickaxe":2,"alexsmobs:raccoon_tail":1,"minecraft:birch_sapling":4,"minecraft:furnace":1,"minecraft:iron_boots":1,"minecraft:dark_oak_sapling":1,"dragonmounts:aether_dragon_egg":2,"minecraft:stick":35,"minecraft:sweet_berries":10,"minecraft:dandelion":1,"minecraft:torch":3,"minecraft:fire_charge":3,"minecraft:sand":4,"minecraft:spruce_sapling":38,"minecraft:white_bed":2,"minecraft:red_terracotta":8,"minecraft:dark_oak_planks":16,"minecraft:stone_sword":1,"minecraft:arrow":4,"aquaculture:brown_trout":2,"minecraft:iron_helmet":3,"minecraft:crossbow":1,"minecraft:bone_meal":2,"aquaculture:carp":1,"minecraft:oak_sapling":48,"minecraft:dark_oak_wood":6,"minecraft:cod":1,"minecraft:coal":2,"minecraft:cobblestone":68},"minecraft:killed_by":{"minecraft:player":3,"alexsmobs:crocodile":1,"minecraft:skeleton":2,"minecraft:zombie":1,"lava_monster:lava_monster":4},"minecraft:dropped":{"minecraft:iron_ingot":4,"minecraft:stone_sword":2,"minecraft:diamond":4,"alexsmobs:crocodile_egg":2,"minecraft:experience_bottle":3,"minecraft:crossbow":1,"minecraft:cobblestone":1,"aquaculture:minnow":2,"minecraft:stick":2,"minecraft:charcoal":15,"minecraft:leather_boots":2,"gravestone:obituary":11,"minecraft:wooden_sword":1,"minecraft:iron_axe":1,"minecraft:arrow":1,"minecraft:iron_pickaxe":1,"minecraft:iron_shovel":1,"minecraft:white_wool":7},"minecraft:used":{"minecraft:water_bucket":4,"minecraft:iron_shovel":72,"minecraft:birch_planks":8,"minecraft:oak_planks":38,"aquaculture:brown_trout":2,"minecraft:shield":13,"dragonmounts:aether_dragon_egg":1,"minecraft:cooked_chicken":2,"minecraft:torch":1,"minecraft:dirt":32,"minecraft:crafting_table":1,"minecraft:cod":1,"minecraft:white_bed":2,"aquaculture:muskellunge":3,"minecraft:glass":4,"minecraft:dark_oak_planks":42,"minecraft:wooden_axe":1,"aquaculture:carp":1,"minecraft:iron_axe":300,"minecraft:bread":5,"minecraft:iron_pickaxe":51,"minecraft:cobblestone":46,"minecraft:oak_sapling":1,"minecraft:sweet_berries":10,"minecraft:furnace":1,"minecraft:bucket":5,"minecraft:bone_meal":1},"minecraft:broken":{"minecraft:iron_axe":1}},"DataVersion":2586}