{"stats":{"minecraft:picked_up":{"minecraft:wooden_axe":1,"minecraft:dark_oak_sapling":1,"minecraft:ladder":1,"minecraft:oak_log":1,"minecraft:spruce_sapling":1,"minecraft:dirt":1,"minecraft:dark_oak_planks":10,"minecraft:bone":4,"minecraft:iron_shovel":1,"minecraft:arrow":3,"minecraft:spruce_planks":2,"minecraft:iron_helmet":1,"minecraft:dark_oak_wood":2},"minecraft:dropped":{"minecraft:charcoal":15,"minecraft:iron_shovel":1},"minecraft:custom":{"minecraft:time_since_rest":4336,"minecraft:interact_with_furnace":4,"minecraft:sprint_one_cm":8269,"minecraft:damage_taken":982,"minecraft:walk_one_cm":38403,"minecraft:damage_blocked_by_shield":60,"minecraft:mob_kills":4,"minecraft:drop":16,"minecraft:damage_dealt":403,"minecraft:swim_one_cm":2787,"minecraft:interact_with_crafting_table":8,"minecraft:fly_one_cm":21338,"minecraft:open_chest":7,"minecraft:crouch_one_cm":1451,"minecraft:play_one_minute":13963,"minecraft:deaths":3,"minecraft:sneak_time":362,"minecraft:walk_under_water_one_cm":672,"minecraft:jump":165,"minecraft:leave_game":1,"minecraft:walk_on_water_one_cm":1597,"minecraft:time_since_death":4310,"minecraft:climb_one_cm":4286,"minecraft:fall_one_cm":4637},"minecraft:crafted":{"minecraft:oak_planks":4,"minecraft:charcoal":15,"minecraft:shield":1,"minecraft:iron_axe":1,"minecraft:stick":4,"minecraft:iron_ingot":3,"minecraft:air":0},"minecraft:used":{"minecraft:dark_oak_planks":4,"minecraft:wooden_axe":1,"minecraft:iron_axe":24,"minecraft:bread":2,"minecraft:oak_planks":2,"minecraft:shield":1},"minecraft:killed":{"minecraft:skeleton":1},"minecraft:killed_by":{"alexsmobs:crocodile":1,"minecraft:skeleton":2},"minecraft:mined":{"minecraft:dark_oak_planks":9,"minecraft:spruce_stairs":1,"minecraft:spruce_planks":2,"gravestone:gravestone":2,"minecraft:dark_oak_wood":2,"minecraft:oak_log":1,"minecraft:oak_leaves":2}},"DataVersion":2586}