{"stats":{"minecraft:crafted":{"minecraft:oak_planks":44,"minecraft:crafting_table":1,"minecraft:cooked_chicken":4,"minecraft:furnace":1,"minecraft:air":0,"minecraft:charcoal":15,"minecraft:shield":1,"minecraft:iron_axe":1,"minecraft:stick":4,"minecraft:iron_ingot":3,"minecraft:iron_pickaxe":1,"minecraft:dark_oak_planks":40},"minecraft:mined":{"minecraft:dark_oak_planks":9,"minecraft:spruce_planks":2,"minecraft:white_bed":1,"minecraft:crafting_table":1,"gravestone:gravestone":2,"minecraft:dark_oak_wood":7,"minecraft:grass_block":9,"minecraft:tall_seagrass":3,"minecraft:seagrass":1,"minecraft:spruce_stairs":1,"minecraft:red_terracotta":3,"minecraft:iron_ore":1,"minecraft:birch_leaves":1,"treechop:chopped_log":2,"minecraft:oak_log":12,"minecraft:sand":4,"minecraft:dirt":17,"minecraft:stone":18,"minecraft:stone_bricks":3,"minecraft:oak_leaves":55},"minecraft:killed":{"aquaculture:muskellunge":3,"minecraft:skeleton":1,"aquaculture:minnow":1,"aquaculture:brown_trout":3,"alexsmobs:crow":1,"aquaculture:carp":1},"minecraft:custom":{"minecraft:interact_with_furnace":12,"minecraft:mob_kills":13,"minecraft:interact_with_crafting_table":16,"minecraft:play_one_minute":34088,"minecraft:leave_game":1,"minecraft:time_since_death":24435,"minecraft:sleep_in_bed":1,"minecraft:climb_one_cm":4286,"minecraft:time_since_rest":13067,"minecraft:sprint_one_cm":58789,"minecraft:damage_taken":1110,"minecraft:walk_one_cm":96748,"minecraft:damage_blocked_by_shield":192,"minecraft:drop":28,"minecraft:damage_dealt":913,"minecraft:swim_one_cm":8545,"minecraft:fly_one_cm":66137,"minecraft:open_chest":9,"minecraft:crouch_one_cm":3363,"minecraft:deaths":3,"minecraft:sneak_time":1098,"minecraft:walk_under_water_one_cm":7263,"minecraft:jump":483,"minecraft:walk_on_water_one_cm":7307,"minecraft:fall_one_cm":11576},"minecraft:picked_up":{"minecraft:wooden_axe":1,"minecraft:charcoal":6,"minecraft:crafting_table":1,"minecraft:ladder":1,"minecraft:oak_log":11,"minecraft:dirt":24,"aquaculture:muskellunge":3,"minecraft:wooden_sword":1,"minecraft:leather_boots":2,"minecraft:iron_shovel":1,"minecraft:bone":4,"minecraft:stone_bricks":2,"minecraft:spruce_planks":2,"minecraft:iron_ingot":2,"minecraft:iron_ore":1,"aquaculture:minnow":2,"minecraft:dark_oak_sapling":1,"dragonmounts:aether_dragon_egg":1,"minecraft:stick":2,"minecraft:sweet_berries":2,"minecraft:sand":4,"minecraft:spruce_sapling":19,"minecraft:white_bed":2,"minecraft:red_terracotta":4,"minecraft:dark_oak_planks":10,"minecraft:arrow":3,"aquaculture:brown_trout":2,"minecraft:iron_helmet":1,"minecraft:crossbow":1,"minecraft:bone_meal":1,"aquaculture:carp":1,"minecraft:oak_sapling":1,"minecraft:dark_oak_wood":6,"minecraft:cobblestone":18},"minecraft:killed_by":{"alexsmobs:crocodile":1,"minecraft:skeleton":2},"minecraft:dropped":{"minecraft:iron_ingot":4,"minecraft:stone_sword":1,"minecraft:crossbow":1,"aquaculture:minnow":2,"minecraft:charcoal":15,"minecraft:leather_boots":2,"minecraft:wooden_sword":1,"minecraft:iron_shovel":1,"minecraft:white_wool":7},"minecraft:used":{"minecraft:iron_shovel":31,"minecraft:oak_planks":11,"aquaculture:brown_trout":2,"minecraft:shield":4,"dragonmounts:aether_dragon_egg":1,"minecraft:cooked_chicken":2,"minecraft:dirt":2,"minecraft:crafting_table":1,"minecraft:white_bed":1,"aquaculture:muskellunge":3,"minecraft:dark_oak_planks":4,"minecraft:wooden_axe":1,"aquaculture:carp":1,"minecraft:iron_axe":65,"minecraft:bread":3,"minecraft:iron_pickaxe":25,"minecraft:sweet_berries":2,"minecraft:furnace":1}},"DataVersion":2586}