{"stats":{"minecraft:crafted":{"minecraft:oak_planks":44,"minecraft:crafting_table":1,"minecraft:cooked_chicken":4,"minecraft:furnace":1,"minecraft:air":0,"minecraft:glass":4,"minecraft:charcoal":15,"minecraft:shield":1,"minecraft:iron_axe":1,"minecraft:stick":4,"minecraft:iron_ingot":3,"minecraft:iron_pickaxe":1,"minecraft:dark_oak_planks":40},"minecraft:mined":{"minecraft:dark_oak_planks":9,"minecraft:spruce_planks":2,"minecraft:white_bed":2,"minecraft:crafting_table":1,"gravestone:gravestone":5,"minecraft:dark_oak_wood":7,"minecraft:grass_block":10,"minecraft:wall_torch":1,"minecraft:tall_seagrass":3,"minecraft:seagrass":1,"minecraft:spruce_stairs":1,"minecraft:red_terracotta":3,"minecraft:fire":6,"minecraft:iron_ore":9,"minecraft:birch_leaves":1,"treechop:chopped_log":2,"minecraft:oak_log":12,"minecraft:sand":4,"minecraft:dirt":20,"minecraft:stone":18,"minecraft:stone_bricks":3,"minecraft:oak_leaves":55},"minecraft:killed":{"lava_monster:lava_monster":1,"aquaculture:muskellunge":3,"minecraft:skeleton":1,"aquaculture:minnow":1,"aquaculture:brown_trout":3,"alexsmobs:crow":1,"aquaculture:carp":1},"minecraft:custom":{"minecraft:interact_with_furnace":18,"minecraft:mob_kills":16,"minecraft:interact_with_crafting_table":16,"minecraft:play_one_minute":46088,"minecraft:leave_game":1,"minecraft:time_since_death":1977,"minecraft:sleep_in_bed":3,"minecraft:climb_one_cm":4286,"minecraft:time_since_rest":2003,"minecraft:sprint_one_cm":75369,"minecraft:damage_taken":3162,"minecraft:walk_one_cm":130426,"minecraft:damage_blocked_by_shield":204,"minecraft:drop":29,"minecraft:damage_dealt":1173,"minecraft:swim_one_cm":8545,"minecraft:player_kills":1,"minecraft:fly_one_cm":88806,"minecraft:open_chest":9,"minecraft:crouch_one_cm":8241,"minecraft:deaths":10,"minecraft:sneak_time":2495,"minecraft:walk_under_water_one_cm":11655,"minecraft:jump":731,"minecraft:walk_on_water_one_cm":17142,"minecraft:fall_one_cm":32640},"minecraft:picked_up":{"minecraft:wooden_axe":1,"minecraft:charcoal":6,"minecraft:crafting_table":1,"minecraft:ladder":1,"minecraft:oak_log":11,"minecraft:dirt":28,"aquaculture:muskellunge":3,"minecraft:wooden_sword":1,"minecraft:leather_boots":2,"minecraft:iron_shovel":1,"minecraft:bone":4,"minecraft:stone_bricks":2,"minecraft:spruce_planks":2,"minecraft:iron_ingot":2,"minecraft:iron_ore":10,"aquaculture:minnow":2,"minecraft:dark_oak_sapling":1,"dragonmounts:aether_dragon_egg":1,"minecraft:stick":2,"minecraft:sweet_berries":2,"minecraft:torch":3,"minecraft:fire_charge":3,"minecraft:sand":4,"minecraft:spruce_sapling":19,"minecraft:white_bed":2,"minecraft:red_terracotta":4,"minecraft:dark_oak_planks":10,"minecraft:arrow":3,"aquaculture:brown_trout":2,"minecraft:iron_helmet":1,"minecraft:crossbow":1,"minecraft:bone_meal":1,"aquaculture:carp":1,"minecraft:oak_sapling":1,"minecraft:dark_oak_wood":6,"minecraft:coal":1,"minecraft:cobblestone":19},"minecraft:killed_by":{"minecraft:player":1,"alexsmobs:crocodile":1,"minecraft:skeleton":2,"minecraft:zombie":1,"lava_monster:lava_monster":2},"minecraft:dropped":{"minecraft:iron_ingot":4,"minecraft:stone_sword":1,"minecraft:crossbow":1,"minecraft:cobblestone":1,"aquaculture:minnow":2,"minecraft:charcoal":15,"minecraft:leather_boots":2,"minecraft:wooden_sword":1,"minecraft:iron_shovel":1,"minecraft:white_wool":7},"minecraft:used":{"minecraft:iron_shovel":31,"minecraft:oak_planks":38,"aquaculture:brown_trout":2,"minecraft:shield":10,"dragonmounts:aether_dragon_egg":1,"minecraft:cooked_chicken":2,"minecraft:torch":1,"minecraft:dirt":2,"minecraft:crafting_table":1,"minecraft:white_bed":2,"aquaculture:muskellunge":3,"minecraft:glass":4,"minecraft:dark_oak_planks":36,"minecraft:wooden_axe":1,"aquaculture:carp":1,"minecraft:iron_axe":78,"minecraft:bread":3,"minecraft:iron_pickaxe":34,"minecraft:sweet_berries":2,"minecraft:furnace":1}},"DataVersion":2586}