{"stats":{"minecraft:picked_up":{"minecraft:stick":6,"minecraft:crafting_table":1,"minecraft:wheat_seeds":2,"minecraft:spruce_planks":1,"gravestone:obituary":1,"minecraft:spruce_sapling":15,"minecraft:spruce_log":36,"minecraft:dirt":9},"minecraft:dropped":{"gravestone:obituary":2,"minecraft:wheat_seeds":1},"minecraft:custom":{"minecraft:time_since_rest":11550,"minecraft:play_one_minute":14947,"minecraft:crouch_one_cm":1239,"minecraft:sprint_one_cm":14906,"minecraft:walk_one_cm":20817,"minecraft:damage_taken":532,"minecraft:deaths":2,"minecraft:sneak_time":600,"minecraft:walk_under_water_one_cm":78,"minecraft:drop":3,"minecraft:jump":83,"minecraft:damage_dealt":224,"minecraft:time_since_death":11525,"minecraft:walk_on_water_one_cm":3044,"minecraft:swim_one_cm":183,"minecraft:interact_with_crafting_table":2,"minecraft:fly_one_cm":10986,"minecraft:fall_one_cm":2911},"minecraft:crafted":{"minecraft:wooden_sword":1,"minecraft:crafting_table":2,"minecraft:spruce_planks":32,"minecraft:stick":4,"minecraft:wooden_axe":1},"minecraft:used":{"minecraft:wooden_axe":34,"minecraft:wooden_sword":7,"minecraft:dirt":9,"minecraft:crafting_table":2,"minecraft:spruce_planks":1},"minecraft:killed_by":{"alexsmobs:crocodile":2},"minecraft:mined":{"gravestone:gravestone":2,"minecraft:grass_block":8,"minecraft:spruce_planks":1,"minecraft:dirt":1,"minecraft:spruce_leaves":364,"minecraft:spruce_log":37,"treechop:chopped_log":13,"minecraft:crafting_table":1,"minecraft:fern":1}},"DataVersion":2586}