{"stats":{"minecraft:crafted":{"minecraft:wooden_sword":2,"minecraft:wooden_shovel":1,"minecraft:fishing_rod":1,"minecraft:crafting_table":3,"minecraft:spruce_planks":100,"minecraft:spruce_door":3,"minecraft:wooden_pickaxe":1,"minecraft:golden_shovel":1,"minecraft:air":0,"minecraft:wooden_hoe":1,"minecraft:iron_hoe":1,"minecraft:charcoal":2,"minecraft:shield":1,"minecraft:stick":8,"minecraft:stone_pickaxe":1,"minecraft:wooden_axe":2,"minecraft:gold_ingot":4,"minecraft:white_bed":2,"minecraft:dark_oak_planks":8,"minecraft:torch":24},"minecraft:mined":{"minecraft:dark_oak_planks":1,"minecraft:gray_terracotta":1,"minecraft:spruce_planks":1,"minecraft:white_bed":1,"minecraft:dark_oak_leaves":1,"minecraft:crafting_table":5,"gravestone:gravestone":6,"minecraft:ladder":3,"minecraft:dark_oak_wood":3,"minecraft:grass_block":98,"dragonmounts:aether_dragon_egg":1,"minecraft:spruce_leaves":463,"minecraft:sugar_cane":6,"minecraft:wall_torch":3,"minecraft:large_fern":2,"minecraft:red_terracotta":5,"minecraft:furnace":3,"minecraft:birch_log":6,"minecraft:sweet_berry_bush":6,"minecraft:spruce_log":42,"minecraft:birch_leaves":66,"treechop:chopped_log":40,"alexsmobs:crocodile_egg":2,"minecraft:peony":1,"minecraft:grass":4,"minecraft:oak_log":38,"minecraft:dirt":14,"minecraft:stone":10,"minecraft:stone_bricks":10,"minecraft:white_wool":1,"minecraft:oak_leaves":383,"minecraft:spruce_slab":2,"minecraft:fern":2},"minecraft:killed":{"aquaculture:gar":1,"minecraft:skeleton":2,"minecraft:pillager":9,"alexsmobs:crocodile":2,"minecraft:chicken":4},"minecraft:custom":{"minecraft:interact_with_furnace":8,"minecraft:mob_kills":16,"minecraft:interact_with_crafting_table":16,"minecraft:play_one_minute":53014,"minecraft:leave_game":1,"minecraft:time_since_death":21036,"minecraft:sleep_in_bed":1,"minecraft:climb_one_cm":6738,"minecraft:time_since_rest":13067,"minecraft:sprint_one_cm":92702,"minecraft:damage_taken":2333,"minecraft:walk_one_cm":92270,"minecraft:damage_blocked_by_shield":172,"minecraft:drop":26,"minecraft:damage_dealt":2953,"minecraft:swim_one_cm":8140,"minecraft:fly_one_cm":80612,"minecraft:open_chest":11,"minecraft:crouch_one_cm":14418,"minecraft:deaths":6,"minecraft:sneak_time":6078,"minecraft:walk_under_water_one_cm":963,"minecraft:jump":542,"minecraft:walk_on_water_one_cm":9669,"minecraft:fall_one_cm":10793},"minecraft:picked_up":{"minecraft:wooden_axe":1,"minecraft:birch_log":6,"minecraft:charcoal":15,"minecraft:crafting_table":5,"minecraft:feather":4,"minecraft:chicken":4,"minecraft:ladder":2,"minecraft:oak_log":35,"gravestone:obituary":3,"minecraft:dirt":114,"minecraft:leather_boots":1,"minecraft:bone":2,"minecraft:apple":1,"minecraft:stone_bricks":12,"minecraft:gray_terracotta":1,"minecraft:wheat_seeds":3,"minecraft:spruce_planks":1,"minecraft:iron_ingot":2,"aquaculture:minnow":1,"minecraft:spruce_slab":2,"minecraft:sugar_cane":14,"minecraft:birch_sapling":1,"minecraft:furnace":2,"aquaculture:gar":1,"minecraft:dark_oak_sapling":1,"minecraft:stick":16,"minecraft:sweet_berries":60,"minecraft:torch":2,"minecraft:spruce_stairs":1,"alexsmobs:crocodile_egg":4,"minecraft:spruce_sapling":18,"minecraft:white_bed":1,"minecraft:spruce_log":42,"minecraft:red_terracotta":4,"minecraft:stone_sword":1,"minecraft:arrow":3,"minecraft:peony":1,"minecraft:oak_sapling":15,"minecraft:dark_oak_wood":3,"minecraft:coal":2,"minecraft:white_wool":8,"minecraft:cobblestone":16},"minecraft:killed_by":{"alexsmobs:crocodile":5,"minecraft:skeleton":1},"minecraft:dropped":{"minecraft:sweet_berries":2,"minecraft:wheat_seeds":1,"minecraft:crossbow":1,"minecraft:cobblestone":6,"minecraft:iron_helmet":1,"minecraft:rotten_flesh":1,"aquaculture:minnow":1,"minecraft:white_bed":1,"minecraft:charcoal":6,"minecraft:wooden_axe":2,"minecraft:leather_boots":2,"gravestone:obituary":9,"minecraft:wooden_sword":1,"minecraft:wooden_pickaxe":1,"minecraft:spruce_sapling":18},"minecraft:used":{"minecraft:wheat_seeds":2,"minecraft:peony":1,"minecraft:stone_sword":21,"minecraft:spruce_door":1,"minecraft:spruce_slab":2,"minecraft:stone_pickaxe":2,"minecraft:wooden_pickaxe":29,"minecraft:spruce_planks":22,"minecraft:shield":20,"minecraft:wooden_shovel":59,"minecraft:cooked_chicken":1,"minecraft:white_wool":1,"minecraft:torch":17,"minecraft:dirt":97,"minecraft:crafting_table":8,"minecraft:spruce_stairs":1,"minecraft:white_bed":2,"minecraft:crossbow":3,"minecraft:golden_shovel":32,"minecraft:iron_hoe":8,"minecraft:gray_terracotta":1,"minecraft:dark_oak_planks":8,"minecraft:wooden_axe":93,"minecraft:bread":3,"alexsmobs:crocodile_egg":2,"minecraft:dark_oak_wood":1,"minecraft:red_terracotta":4,"aquaculture:gar":1,"minecraft:fishing_rod":5,"minecraft:wooden_sword":88,"minecraft:sweet_berries":70,"minecraft:furnace":2,"minecraft:oak_sapling":15,"alexsmobs:animal_dictionary":1,"minecraft:potato":3,"minecraft:dark_oak_sapling":2},"minecraft:broken":{"minecraft:wooden_shovel":1,"minecraft:wooden_sword":1,"minecraft:golden_shovel":1}},"DataVersion":2586}