{"stats":{"minecraft:crafted":{"minecraft:wooden_sword":2,"minecraft:oak_planks":20,"minecraft:fishing_rod":1,"minecraft:furnace":1,"minecraft:iron_hoe":1,"minecraft:stone_pickaxe":1,"minecraft:chest":2,"minecraft:dark_oak_planks":8,"minecraft:wooden_shovel":1,"minecraft:crafting_table":4,"minecraft:spruce_planks":100,"minecraft:wooden_pickaxe":1,"minecraft:spruce_door":3,"minecraft:golden_shovel":1,"minecraft:air":0,"minecraft:wooden_hoe":1,"minecraft:charcoal":2,"minecraft:shield":1,"minecraft:stick":12,"minecraft:iron_ingot":3,"minecraft:iron_pickaxe":1,"minecraft:wooden_axe":2,"minecraft:gold_ingot":4,"minecraft:white_bed":2,"minecraft:torch":32},"minecraft:mined":{"minecraft:dark_oak_planks":1,"minecraft:diamond_ore":4,"minecraft:spruce_planks":1,"minecraft:white_bed":3,"minecraft:dark_oak_leaves":1,"minecraft:ladder":3,"gravestone:gravestone":13,"minecraft:grass_block":99,"dragonmounts:aether_dragon_egg":1,"minecraft:spruce_leaves":463,"minecraft:large_fern":2,"minecraft:redstone_ore":5,"minecraft:furnace":4,"minecraft:iron_ore":70,"minecraft:fire":7,"minecraft:andesite":17,"treechop:chopped_log":40,"alexsmobs:crocodile_egg":2,"minecraft:peony":1,"minecraft:stone":76,"minecraft:white_wool":1,"minecraft:spruce_slab":2,"minecraft:gray_terracotta":1,"minecraft:crafting_table":8,"minecraft:torch":2,"minecraft:dark_oak_wood":3,"minecraft:chest":1,"minecraft:cobblestone":7,"minecraft:lapis_ore":4,"minecraft:sugar_cane":6,"minecraft:wall_torch":3,"minecraft:red_terracotta":5,"minecraft:birch_log":6,"minecraft:sweet_berry_bush":6,"minecraft:spruce_log":42,"minecraft:birch_leaves":66,"minecraft:grass":4,"minecraft:oak_log":38,"minecraft:coal_ore":37,"minecraft:dirt":19,"minecraft:stone_bricks":12,"minecraft:gold_ore":11,"minecraft:oak_leaves":383,"minecraft:fern":2},"minecraft:killed":{"aquaculture:gar":1,"minecraft:skeleton":4,"minecraft:chicken":4,"lava_monster:lava_monster":1,"minecraft:pillager":9,"minecraft:zombie":1,"alexsmobs:crocodile":2},"minecraft:custom":{"minecraft:mob_kills":21,"minecraft:interact_with_crafting_table":27,"minecraft:leave_game":1,"minecraft:time_since_death":4229,"minecraft:climb_one_cm":6738,"minecraft:sprint_one_cm":115135,"minecraft:walk_one_cm":127736,"minecraft:damage_blocked_by_shield":520,"minecraft:drop":73,"minecraft:deaths":12,"minecraft:sneak_time":8895,"minecraft:walk_under_water_one_cm":6713,"minecraft:jump":817,"minecraft:walk_on_water_one_cm":35611,"minecraft:interact_with_furnace":13,"minecraft:play_one_minute":77014,"minecraft:sleep_in_bed":7,"minecraft:time_since_rest":1291,"minecraft:damage_taken":3911,"minecraft:damage_dealt":4166,"minecraft:swim_one_cm":14101,"minecraft:fly_one_cm":101370,"minecraft:player_kills":1,"minecraft:open_chest":12,"minecraft:crouch_one_cm":24230,"minecraft:fall_one_cm":18092},"minecraft:picked_up":{"minecraft:wooden_axe":1,"minecraft:charcoal":15,"minecraft:iron_chestplate":2,"minecraft:crafting_table":9,"minecraft:ladder":2,"minecraft:chicken":4,"gravestone:obituary":18,"minecraft:shield":2,"minecraft:iron_axe":2,"minecraft:experience_bottle":3,"minecraft:spruce_planks":1,"minecraft:iron_nugget":6,"minecraft:iron_pickaxe":3,"minecraft:spruce_slab":2,"minecraft:sugar_cane":14,"minecraft:chest":1,"minecraft:birch_sapling":2,"minecraft:furnace":3,"dragonmounts:aether_dragon_egg":2,"minecraft:dark_oak_sapling":1,"minecraft:stick":24,"minecraft:torch":4,"minecraft:spruce_stairs":1,"minecraft:fire_charge":2,"minecraft:redstone":24,"minecraft:dark_oak_planks":8,"minecraft:stone_sword":3,"minecraft:arrow":3,"minecraft:peony":1,"minecraft:white_wool":8,"minecraft:cobblestone":86,"minecraft:birch_log":6,"minecraft:feather":4,"minecraft:andesite":17,"minecraft:oak_log":35,"minecraft:lapis_lazuli":27,"minecraft:dirt":172,"minecraft:leather_boots":1,"minecraft:bone":2,"minecraft:apple":1,"minecraft:stone_bricks":13,"minecraft:gray_terracotta":1,"minecraft:wheat_seeds":3,"minecraft:iron_ingot":12,"minecraft:iron_ore":69,"aquaculture:minnow":1,"minecraft:oak_planks":24,"aquaculture:gar":1,"minecraft:sweet_berries":60,"alexsmobs:crocodile_egg":6,"minecraft:spruce_sapling":56,"minecraft:white_bed":4,"minecraft:spruce_log":42,"minecraft:gold_ore":11,"minecraft:red_terracotta":12,"minecraft:diamond":8,"minecraft:iron_helmet":4,"minecraft:bone_meal":2,"minecraft:oak_sapling":17,"minecraft:dark_oak_wood":3,"minecraft:coal":70},"minecraft:killed_by":{"minecraft:player":2,"alexsmobs:crocodile":5,"minecraft:skeleton":1,"lava_monster:lava_monster":2},"minecraft:dropped":{"minecraft:iron_ingot":5,"minecraft:wheat_seeds":1,"minecraft:crossbow":1,"minecraft:iron_helmet":3,"minecraft:cobblestone":50,"aquaculture:minnow":1,"minecraft:coal":1,"minecraft:stick":6,"minecraft:dirt":26,"minecraft:wooden_axe":2,"minecraft:iron_leggings":1,"gravestone:obituary":27,"minecraft:wooden_sword":1,"minecraft:bone_meal":1,"minecraft:iron_axe":1,"minecraft:iron_pickaxe":1,"minecraft:dark_oak_planks":4,"minecraft:white_wool":1,"minecraft:spruce_sapling":37,"minecraft:sweet_berries":2,"minecraft:iron_nugget":3,"minecraft:birch_sapling":2,"dragonmounts:aether_dragon_egg":2,"minecraft:rotten_flesh":1,"minecraft:oak_planks":4,"minecraft:iron_boots":1,"minecraft:white_bed":1,"minecraft:red_terracotta":4,"minecraft:shield":1,"minecraft:iron_chestplate":1,"minecraft:charcoal":6,"minecraft:ladder":2,"minecraft:leather_boots":2,"minecraft:oak_sapling":1,"minecraft:iron_ore":1,"minecraft:wooden_pickaxe":1},"minecraft:used":{"minecraft:peony":1,"minecraft:stone_sword":53,"minecraft:spruce_slab":2,"minecraft:chest":3,"minecraft:spruce_planks":26,"minecraft:shield":36,"minecraft:wooden_shovel":59,"minecraft:cooked_chicken":2,"minecraft:torch":33,"minecraft:dirt":120,"minecraft:spruce_stairs":1,"minecraft:golden_shovel":32,"minecraft:iron_hoe":8,"minecraft:wooden_axe":96,"minecraft:dark_oak_planks":8,"minecraft:dark_oak_wood":1,"minecraft:stone_bricks":9,"minecraft:sweet_berries":70,"minecraft:oak_sapling":15,"minecraft:furnace":3,"minecraft:potato":3,"minecraft:dark_oak_sapling":2,"minecraft:wheat_seeds":2,"minecraft:spruce_door":1,"minecraft:stone_pickaxe":131,"minecraft:wooden_pickaxe":29,"minecraft:white_wool":1,"minecraft:crafting_table":11,"minecraft:crossbow":3,"minecraft:white_bed":5,"minecraft:gray_terracotta":1,"minecraft:bread":3,"minecraft:iron_pickaxe":106,"alexsmobs:crocodile_egg":2,"minecraft:red_terracotta":4,"aquaculture:gar":1,"minecraft:fishing_rod":8,"minecraft:fire_charge":2,"minecraft:wooden_sword":88,"minecraft:cobblestone":23,"minecraft:andesite":9,"alexsmobs:animal_dictionary":1},"minecraft:broken":{"minecraft:wooden_shovel":1,"minecraft:golden_shovel":1,"minecraft:stone_pickaxe":1,"minecraft:wooden_sword":1,"minecraft:leather_boots":1,"minecraft:wooden_axe":1}},"DataVersion":2586}