{"stats":{"minecraft:broken":{"minecraft:wooden_shovel":1,"minecraft:golden_shovel":1,"minecraft:stone_pickaxe":10,"minecraft:wooden_sword":1,"minecraft:leather_boots":1,"minecraft:wooden_axe":1},"minecraft:used":{"minecraft:peony":1,"minecraft:stone_sword":94,"minecraft:iron_shovel":17,"minecraft:spruce_slab":2,"minecraft:chest":15,"minecraft:spruce_planks":26,"minecraft:shield":38,"minecraft:wooden_shovel":59,"minecraft:cooked_salmon":1,"minecraft:cooked_chicken":2,"aquaculture:bluegill":1,"minecraft:torch":33,"minecraft:dirt":122,"minecraft:anvil":1,"minecraft:hopper":4,"minecraft:spruce_stairs":1,"minecraft:golden_shovel":32,"minecraft:dark_oak_planks":8,"minecraft:iron_hoe":8,"minecraft:wooden_axe":96,"minecraft:lava_bucket":3,"minecraft:iron_axe":82,"minecraft:birch_sapling":8,"minecraft:dark_oak_wood":1,"minecraft:stone_bricks":9,"minecraft:sweet_berries":70,"minecraft:oak_sapling":33,"minecraft:furnace":4,"minecraft:potato":22,"minecraft:dark_oak_sapling":2,"minecraft:wheat_seeds":4,"minecraft:water_bucket":12,"minecraft:spruce_door":1,"minecraft:stone_pickaxe":1310,"minecraft:baked_potato":8,"minecraft:wooden_pickaxe":29,"minecraft:cobblestone_slab":30,"minecraft:white_wool":1,"minecraft:sand":3,"minecraft:crafting_table":13,"minecraft:white_bed":7,"minecraft:crossbow":3,"waystones:waystone":2,"minecraft:gray_terracotta":1,"minecraft:wooden_hoe":5,"minecraft:iron_pickaxe":162,"minecraft:bread":3,"alexsmobs:crocodile_egg":2,"minecraft:red_terracotta":4,"aquaculture:gar":1,"minecraft:fire_charge":2,"minecraft:fishing_rod":13,"minecraft:wooden_sword":88,"minecraft:cobblestone":203,"minecraft:andesite":9,"minecraft:bucket":16,"alexsmobs:animal_dictionary":1,"minecraft:bone_meal":18},"minecraft:crafted":{"minecraft:wooden_sword":2,"minecraft:oak_planks":52,"minecraft:cobblestone_slab":42,"minecraft:fishing_rod":1,"minecraft:furnace":2,"minecraft:bone_meal":18,"minecraft:hopper":4,"minecraft:iron_boots":1,"minecraft:iron_axe":1,"minecraft:iron_hoe":1,"minecraft:stone_pickaxe":10,"minecraft:chest":14,"minecraft:dark_oak_planks":8,"minecraft:wooden_shovel":1,"minecraft:crafting_table":5,"minecraft:spruce_planks":100,"minecraft:wooden_pickaxe":1,"minecraft:baked_potato":19,"minecraft:spruce_door":3,"minecraft:cooked_salmon":1,"minecraft:golden_shovel":1,"minecraft:bucket":1,"minecraft:birch_planks":84,"minecraft:air":0,"minecraft:wooden_hoe":1,"minecraft:charcoal":2,"minecraft:shield":1,"minecraft:stick":20,"minecraft:iron_ingot":77,"minecraft:iron_pickaxe":1,"minecraft:wooden_axe":2,"minecraft:iron_leggings":1,"minecraft:gold_ingot":4,"minecraft:white_bed":2,"minecraft:torch":32},"minecraft:killed_by":{"minecraft:player":3,"alexsmobs:crocodile":5,"minecraft:skeleton":1,"lava_monster:lava_monster":2},"minecraft:killed":{"aquaculture:gar":1,"minecraft:skeleton":4,"minecraft:chicken":4,"minecraft:drowned":1,"goblintraders:goblin_trader":1,"lava_monster:lava_monster":1,"minecraft:creeper":1,"minecraft:pillager":9,"minecraft:zombie":1,"alexsmobs:crocodile":2},"minecraft:dropped":{"minecraft:iron_ingot":5,"minecraft:wheat_seeds":1,"minecraft:baked_potato":10,"minecraft:crossbow":1,"minecraft:iron_helmet":3,"minecraft:cobblestone":114,"minecraft:lead":1,"aquaculture:minnow":1,"minecraft:coal":1,"minecraft:stick":6,"minecraft:dirt":26,"minecraft:wooden_axe":2,"minecraft:iron_leggings":1,"gravestone:obituary":28,"minecraft:wooden_sword":1,"minecraft:bone_meal":1,"minecraft:iron_axe":2,"minecraft:iron_pickaxe":1,"minecraft:dark_oak_planks":4,"alexsmobs:raccoon_tail":1,"minecraft:white_wool":1,"minecraft:spruce_sapling":37,"minecraft:anvil":2,"minecraft:sweet_berries":2,"minecraft:iron_nugget":3,"minecraft:birch_sapling":2,"dragonmounts:aether_dragon_egg":2,"minecraft:rotten_flesh":3,"minecraft:oak_planks":4,"minecraft:iron_boots":1,"minecraft:white_bed":1,"minecraft:red_terracotta":4,"minecraft:shield":1,"minecraft:iron_chestplate":1,"minecraft:charcoal":6,"minecraft:leather_boots":2,"minecraft:oak_sapling":1,"minecraft:ladder":2,"minecraft:iron_ore":1,"minecraft:wooden_pickaxe":1},"minecraft:custom":{"minecraft:interact_with_anvil":1,"minecraft:mob_kills":24,"minecraft:interact_with_crafting_table":42,"minecraft:leave_game":2,"minecraft:time_since_death":88708,"minecraft:climb_one_cm":6738,"minecraft:sprint_one_cm":198409,"minecraft:walk_one_cm":213664,"minecraft:damage_blocked_by_shield":715,"minecraft:drop":83,"minecraft:talked_to_villager":1,"minecraft:sneak_time":11866,"minecraft:deaths":13,"minecraft:walk_under_water_one_cm":13242,"minecraft:jump":1291,"minecraft:walk_on_water_one_cm":46526,"minecraft:interact_with_furnace":37,"minecraft:play_one_minute":167041,"minecraft:sleep_in_bed":11,"minecraft:time_since_rest":8282,"minecraft:waystone_activated":3,"minecraft:damage_taken":4435,"minecraft:damage_dealt":5363,"minecraft:player_kills":3,"minecraft:swim_one_cm":20786,"minecraft:fly_one_cm":179131,"minecraft:open_chest":47,"minecraft:crouch_one_cm":36767,"minecraft:fish_caught":3,"minecraft:fall_one_cm":29274},"minecraft:picked_up":{"minecraft:wooden_axe":1,"minecraft:charcoal":15,"minecraft:crafting_table":9,"minecraft:iron_chestplate":2,"minecraft:wheat":1,"minecraft:chicken":4,"minecraft:ladder":2,"minecraft:anvil":2,"minecraft:lead":1,"gravestone:obituary":18,"minecraft:shield":2,"minecraft:iron_axe":3,"minecraft:iron_shovel":1,"minecraft:experience_bottle":3,"aquaculture:bluegill":1,"minecraft:spruce_planks":1,"minecraft:cobblestone_slab":6,"alexsmobs:raccoon_tail":1,"minecraft:iron_nugget":6,"minecraft:iron_pickaxe":3,"minecraft:spruce_slab":2,"minecraft:sugar_cane":14,"minecraft:chest":5,"minecraft:birch_sapling":10,"minecraft:furnace":3,"minecraft:dark_oak_sapling":1,"dragonmounts:aether_dragon_egg":2,"minecraft:stick":51,"minecraft:torch":4,"minecraft:spruce_stairs":1,"minecraft:fire_charge":2,"minecraft:redstone":24,"minecraft:dark_oak_planks":8,"minecraft:stone_sword":3,"minecraft:arrow":4,"minecraft:rotten_flesh":2,"minecraft:peony":1,"minecraft:white_wool":8,"minecraft:cobblestone":1252,"minecraft:stripped_oak_log":1,"minecraft:birch_log":21,"minecraft:feather":4,"minecraft:andesite":17,"minecraft:salmon":1,"minecraft:leather":1,"minecraft:potato":44,"minecraft:oak_log":104,"minecraft:gunpowder":1,"minecraft:lapis_lazuli":27,"minecraft:dirt":208,"minecraft:leather_boots":1,"minecraft:bone":2,"minecraft:apple":4,"minecraft:stone_bricks":13,"minecraft:gray_terracotta":1,"minecraft:wheat_seeds":8,"minecraft:iron_ingot":12,"minecraft:iron_ore":72,"aquaculture:minnow":1,"minecraft:oak_planks":24,"aquaculture:gar":1,"minecraft:sweet_berries":70,"alexsmobs:crocodile_egg":6,"minecraft:sand":7,"minecraft:spruce_sapling":56,"minecraft:white_bed":6,"minecraft:spruce_log":42,"minecraft:gold_ore":11,"minecraft:red_terracotta":12,"minecraft:diamond":8,"minecraft:iron_helmet":4,"minecraft:bone_meal":2,"minecraft:baked_potato":5,"minecraft:oak_sapling":35,"minecraft:dark_oak_wood":3,"minecraft:coal":89},"minecraft:mined":{"minecraft:dark_oak_planks":1,"minecraft:diamond_ore":4,"minecraft:spruce_planks":1,"minecraft:white_bed":4,"minecraft:dark_oak_leaves":1,"gravestone:gravestone":14,"minecraft:ladder":3,"minecraft:grass_block":123,"dragonmounts:aether_dragon_egg":1,"minecraft:spruce_leaves":463,"minecraft:large_fern":2,"minecraft:redstone_ore":5,"minecraft:furnace":4,"minecraft:iron_ore":73,"minecraft:fire":7,"minecraft:andesite":17,"treechop:chopped_log":77,"minecraft:anvil":1,"alexsmobs:crocodile_egg":2,"minecraft:peony":1,"minecraft:potatoes":13,"minecraft:cobblestone_slab":5,"minecraft:stripped_oak_log":1,"minecraft:stone":77,"minecraft:white_wool":1,"minecraft:spruce_slab":2,"minecraft:gray_terracotta":1,"minecraft:crafting_table":8,"minecraft:torch":2,"minecraft:dark_oak_wood":3,"minecraft:chest":5,"minecraft:tall_grass":2,"minecraft:cobblestone":1203,"minecraft:lapis_ore":4,"minecraft:sugar_cane":6,"minecraft:wall_torch":3,"minecraft:red_terracotta":5,"minecraft:birch_log":24,"minecraft:wheat":2,"minecraft:sweet_berry_bush":16,"minecraft:spruce_log":42,"minecraft:birch_leaves":228,"minecraft:grass":36,"minecraft:oak_log":108,"minecraft:coal_ore":56,"minecraft:sand":2,"minecraft:dirt":31,"minecraft:stone_bricks":12,"minecraft:gold_ore":11,"minecraft:oak_leaves":1004,"minecraft:fern":2}},"DataVersion":2586}