{"stats":{"minecraft:crafted":{"minecraft:wooden_sword":2,"minecraft:charcoal":2,"minecraft:shield":1,"minecraft:crafting_table":2,"minecraft:spruce_planks":100,"minecraft:stick":4,"minecraft:wooden_axe":2,"minecraft:dark_oak_planks":4,"minecraft:torch":24,"minecraft:air":0},"minecraft:mined":{"minecraft:dark_oak_planks":1,"minecraft:large_fern":1,"minecraft:spruce_planks":1,"minecraft:dark_oak_leaves":1,"minecraft:spruce_log":42,"minecraft:birch_leaves":1,"treechop:chopped_log":16,"minecraft:crafting_table":2,"minecraft:ladder":3,"gravestone:gravestone":2,"minecraft:dark_oak_wood":1,"minecraft:grass_block":9,"minecraft:dirt":2,"minecraft:spruce_leaves":455,"minecraft:spruce_slab":2,"minecraft:wall_torch":2,"minecraft:fern":1},"minecraft:killed":{"minecraft:skeleton":2,"minecraft:pillager":7},"minecraft:custom":{"minecraft:time_since_rest":461,"minecraft:interact_with_furnace":3,"minecraft:sprint_one_cm":33085,"minecraft:damage_taken":1291,"minecraft:walk_one_cm":44692,"minecraft:damage_blocked_by_shield":42,"minecraft:mob_kills":7,"minecraft:drop":6,"minecraft:damage_dealt":1895,"minecraft:swim_one_cm":1977,"minecraft:interact_with_crafting_table":5,"minecraft:fly_one_cm":23277,"minecraft:open_chest":8,"minecraft:play_one_minute":29014,"minecraft:crouch_one_cm":6652,"minecraft:deaths":3,"minecraft:sneak_time":3700,"minecraft:walk_under_water_one_cm":228,"minecraft:jump":201,"minecraft:leave_game":1,"minecraft:time_since_death":437,"minecraft:walk_on_water_one_cm":4963,"minecraft:climb_one_cm":6642,"minecraft:fall_one_cm":3331},"minecraft:picked_up":{"minecraft:dark_oak_sapling":1,"minecraft:charcoal":15,"minecraft:stick":8,"minecraft:crafting_table":2,"minecraft:ladder":2,"minecraft:sweet_berries":31,"minecraft:torch":2,"minecraft:spruce_stairs":1,"gravestone:obituary":1,"minecraft:spruce_sapling":18,"minecraft:spruce_log":42,"minecraft:dirt":10,"minecraft:bone":2,"minecraft:arrow":3,"minecraft:wheat_seeds":2,"minecraft:spruce_planks":1,"minecraft:spruce_slab":2,"minecraft:dark_oak_wood":1},"minecraft:killed_by":{"alexsmobs:crocodile":2,"minecraft:skeleton":1},"minecraft:dropped":{"minecraft:wheat_seeds":1,"minecraft:wooden_axe":1,"minecraft:iron_helmet":1,"gravestone:obituary":3},"minecraft:used":{"minecraft:spruce_slab":2,"minecraft:bread":3,"minecraft:spruce_planks":15,"minecraft:shield":14,"minecraft:torch":14,"minecraft:wooden_sword":80,"minecraft:dirt":10,"minecraft:sweet_berries":40,"minecraft:crafting_table":4,"minecraft:spruce_stairs":1,"alexsmobs:animal_dictionary":1,"minecraft:wooden_axe":42,"minecraft:dark_oak_planks":4},"minecraft:broken":{"minecraft:wooden_sword":1}},"DataVersion":2586}