{"stats":{"minecraft:picked_up":{"minecraft:wheat_seeds":1,"minecraft:spruce_log":2,"minecraft:dirt":7},"minecraft:dropped":{"minecraft:wheat_seeds":1},"minecraft:custom":{"minecraft:time_since_rest":936,"minecraft:play_one_minute":2947,"minecraft:crouch_one_cm":71,"minecraft:sprint_one_cm":4063,"minecraft:walk_one_cm":8304,"minecraft:damage_taken":320,"minecraft:deaths":1,"minecraft:sneak_time":9,"minecraft:drop":1,"minecraft:jump":18,"minecraft:damage_dealt":21,"minecraft:time_since_death":710,"minecraft:walk_on_water_one_cm":622,"minecraft:fly_one_cm":2064,"minecraft:fall_one_cm":418},"minecraft:crafted":{"minecraft:spruce_planks":8},"minecraft:used":{"minecraft:dirt":6},"minecraft:killed_by":{"alexsmobs:crocodile":1},"minecraft:mined":{"gravestone:gravestone":1,"minecraft:grass_block":6,"minecraft:dirt":1,"minecraft:spruce_log":3,"minecraft:fern":1}},"DataVersion":2586}