{"stats":{"minecraft:crafted":{"minecraft:wooden_sword":2,"minecraft:fishing_rod":1,"minecraft:furnace":1,"minecraft:iron_hoe":1,"minecraft:stone_pickaxe":1,"minecraft:dark_oak_planks":8,"minecraft:wooden_shovel":1,"minecraft:crafting_table":4,"minecraft:spruce_planks":100,"minecraft:wooden_pickaxe":1,"minecraft:spruce_door":3,"minecraft:golden_shovel":1,"minecraft:air":0,"minecraft:wooden_hoe":1,"minecraft:charcoal":2,"minecraft:shield":1,"minecraft:stick":12,"minecraft:iron_ingot":3,"minecraft:iron_pickaxe":1,"minecraft:wooden_axe":2,"minecraft:gold_ingot":4,"minecraft:white_bed":2,"minecraft:torch":32},"minecraft:mined":{"minecraft:dark_oak_planks":1,"minecraft:diamond_ore":4,"minecraft:spruce_planks":1,"minecraft:white_bed":3,"minecraft:dark_oak_leaves":1,"minecraft:ladder":3,"gravestone:gravestone":8,"minecraft:grass_block":99,"dragonmounts:aether_dragon_egg":1,"minecraft:spruce_leaves":463,"minecraft:large_fern":2,"minecraft:furnace":3,"minecraft:iron_ore":43,"minecraft:fire":4,"minecraft:andesite":9,"treechop:chopped_log":40,"alexsmobs:crocodile_egg":2,"minecraft:peony":1,"minecraft:stone":49,"minecraft:white_wool":1,"minecraft:spruce_slab":2,"minecraft:gray_terracotta":1,"minecraft:crafting_table":5,"minecraft:torch":2,"minecraft:dark_oak_wood":3,"minecraft:cobblestone":5,"minecraft:sugar_cane":6,"minecraft:wall_torch":3,"minecraft:red_terracotta":5,"minecraft:birch_log":6,"minecraft:sweet_berry_bush":6,"minecraft:spruce_log":42,"minecraft:birch_leaves":66,"minecraft:grass":4,"minecraft:oak_log":38,"minecraft:coal_ore":32,"minecraft:dirt":19,"minecraft:stone_bricks":10,"minecraft:oak_leaves":383,"minecraft:fern":2},"minecraft:killed":{"aquaculture:gar":1,"minecraft:skeleton":2,"minecraft:chicken":4,"lava_monster:lava_monster":1,"minecraft:pillager":9,"alexsmobs:crocodile":2},"minecraft:custom":{"minecraft:mob_kills":18,"minecraft:interact_with_crafting_table":20,"minecraft:leave_game":1,"minecraft:time_since_death":46,"minecraft:climb_one_cm":6738,"minecraft:sprint_one_cm":104402,"minecraft:walk_one_cm":109545,"minecraft:damage_blocked_by_shield":372,"minecraft:drop":27,"minecraft:deaths":9,"minecraft:sneak_time":8131,"minecraft:walk_under_water_one_cm":2962,"minecraft:jump":659,"minecraft:walk_on_water_one_cm":18049,"minecraft:interact_with_furnace":12,"minecraft:play_one_minute":65014,"minecraft:sleep_in_bed":6,"minecraft:time_since_rest":73,"minecraft:damage_taken":3006,"minecraft:damage_dealt":3472,"minecraft:swim_one_cm":10551,"minecraft:fly_one_cm":90570,"minecraft:player_kills":1,"minecraft:open_chest":11,"minecraft:crouch_one_cm":21613,"minecraft:fall_one_cm":14326},"minecraft:picked_up":{"minecraft:wooden_axe":1,"minecraft:charcoal":15,"minecraft:crafting_table":5,"minecraft:ladder":2,"minecraft:chicken":4,"gravestone:obituary":3,"minecraft:spruce_planks":1,"minecraft:spruce_slab":2,"minecraft:sugar_cane":14,"minecraft:birch_sapling":1,"minecraft:furnace":2,"minecraft:dark_oak_sapling":1,"minecraft:stick":16,"minecraft:torch":4,"minecraft:spruce_stairs":1,"minecraft:fire_charge":2,"minecraft:stone_sword":1,"minecraft:arrow":3,"minecraft:peony":1,"minecraft:white_wool":8,"minecraft:cobblestone":56,"minecraft:birch_log":6,"minecraft:feather":4,"minecraft:andesite":8,"minecraft:oak_log":35,"minecraft:dirt":120,"minecraft:leather_boots":1,"minecraft:bone":2,"minecraft:apple":1,"minecraft:stone_bricks":12,"minecraft:gray_terracotta":1,"minecraft:wheat_seeds":3,"minecraft:iron_ingot":2,"minecraft:iron_ore":42,"aquaculture:minnow":1,"aquaculture:gar":1,"minecraft:sweet_berries":60,"alexsmobs:crocodile_egg":4,"minecraft:spruce_sapling":18,"minecraft:white_bed":4,"minecraft:spruce_log":42,"minecraft:red_terracotta":4,"minecraft:diamond":4,"minecraft:oak_sapling":15,"minecraft:dark_oak_wood":3,"minecraft:coal":33},"minecraft:killed_by":{"minecraft:player":1,"alexsmobs:crocodile":5,"minecraft:skeleton":1,"lava_monster:lava_monster":1},"minecraft:dropped":{"minecraft:wheat_seeds":1,"minecraft:crossbow":1,"minecraft:iron_helmet":1,"minecraft:cobblestone":6,"aquaculture:minnow":1,"minecraft:wooden_axe":2,"gravestone:obituary":10,"minecraft:wooden_sword":1,"minecraft:spruce_sapling":18,"minecraft:sweet_berries":2,"minecraft:rotten_flesh":1,"minecraft:white_bed":1,"minecraft:charcoal":6,"minecraft:leather_boots":2,"minecraft:wooden_pickaxe":1},"minecraft:used":{"minecraft:peony":1,"minecraft:stone_sword":39,"minecraft:spruce_slab":2,"minecraft:spruce_planks":26,"minecraft:shield":28,"minecraft:wooden_shovel":59,"minecraft:cooked_chicken":2,"minecraft:torch":31,"minecraft:dirt":120,"minecraft:spruce_stairs":1,"minecraft:golden_shovel":32,"minecraft:iron_hoe":8,"minecraft:wooden_axe":93,"minecraft:dark_oak_planks":8,"minecraft:dark_oak_wood":1,"minecraft:stone_bricks":9,"minecraft:sweet_berries":70,"minecraft:oak_sapling":15,"minecraft:furnace":3,"minecraft:potato":3,"minecraft:dark_oak_sapling":2,"minecraft:wheat_seeds":2,"minecraft:spruce_door":1,"minecraft:stone_pickaxe":130,"minecraft:wooden_pickaxe":29,"minecraft:white_wool":1,"minecraft:crafting_table":9,"minecraft:crossbow":3,"minecraft:white_bed":5,"minecraft:gray_terracotta":1,"minecraft:bread":3,"minecraft:iron_pickaxe":4,"alexsmobs:crocodile_egg":2,"minecraft:red_terracotta":4,"aquaculture:gar":1,"minecraft:fishing_rod":5,"minecraft:fire_charge":2,"minecraft:wooden_sword":88,"minecraft:cobblestone":8,"minecraft:andesite":5,"alexsmobs:animal_dictionary":1},"minecraft:broken":{"minecraft:wooden_shovel":1,"minecraft:golden_shovel":1,"minecraft:wooden_sword":1,"minecraft:leather_boots":1}},"DataVersion":2586}