{"stats":{"minecraft:crafted":{"minecraft:wooden_sword":2,"minecraft:wooden_shovel":1,"minecraft:crafting_table":3,"minecraft:spruce_planks":100,"minecraft:wooden_pickaxe":1,"minecraft:air":0,"minecraft:charcoal":2,"minecraft:shield":1,"minecraft:stick":8,"minecraft:stone_pickaxe":1,"minecraft:wooden_axe":2,"minecraft:white_bed":2,"minecraft:dark_oak_planks":8,"minecraft:torch":24},"minecraft:mined":{"minecraft:dark_oak_planks":1,"minecraft:gray_terracotta":1,"minecraft:spruce_planks":1,"minecraft:white_bed":1,"minecraft:dark_oak_leaves":1,"minecraft:crafting_table":5,"gravestone:gravestone":6,"minecraft:ladder":3,"minecraft:dark_oak_wood":3,"minecraft:grass_block":23,"dragonmounts:aether_dragon_egg":1,"minecraft:spruce_leaves":463,"minecraft:sugar_cane":6,"minecraft:wall_torch":3,"minecraft:large_fern":2,"minecraft:red_terracotta":5,"minecraft:furnace":1,"minecraft:sweet_berry_bush":4,"minecraft:spruce_log":42,"minecraft:birch_leaves":7,"treechop:chopped_log":34,"alexsmobs:crocodile_egg":2,"minecraft:peony":1,"minecraft:grass":1,"minecraft:oak_log":32,"minecraft:dirt":4,"minecraft:stone":10,"minecraft:stone_bricks":10,"minecraft:white_wool":1,"minecraft:oak_leaves":319,"minecraft:spruce_slab":2,"minecraft:fern":2},"minecraft:killed":{"minecraft:skeleton":2,"minecraft:pillager":9,"alexsmobs:crocodile":1},"minecraft:custom":{"minecraft:interact_with_furnace":4,"minecraft:mob_kills":10,"minecraft:interact_with_crafting_table":10,"minecraft:play_one_minute":41014,"minecraft:leave_game":1,"minecraft:time_since_death":9036,"minecraft:sleep_in_bed":1,"minecraft:climb_one_cm":6738,"minecraft:time_since_rest":1067,"minecraft:sprint_one_cm":65811,"minecraft:damage_taken":2123,"minecraft:walk_one_cm":71071,"minecraft:damage_blocked_by_shield":172,"minecraft:drop":21,"minecraft:damage_dealt":2510,"minecraft:swim_one_cm":6333,"minecraft:fly_one_cm":59878,"minecraft:open_chest":11,"minecraft:crouch_one_cm":10131,"minecraft:deaths":6,"minecraft:sneak_time":5084,"minecraft:walk_under_water_one_cm":476,"minecraft:jump":387,"minecraft:walk_on_water_one_cm":7417,"minecraft:fall_one_cm":7265},"minecraft:picked_up":{"minecraft:wooden_axe":1,"minecraft:charcoal":15,"minecraft:crafting_table":5,"minecraft:ladder":2,"minecraft:oak_log":31,"gravestone:obituary":3,"minecraft:dirt":28,"minecraft:leather_boots":1,"minecraft:bone":2,"minecraft:stone_bricks":12,"minecraft:gray_terracotta":1,"minecraft:wheat_seeds":3,"minecraft:spruce_planks":1,"minecraft:spruce_slab":2,"minecraft:sugar_cane":14,"minecraft:dark_oak_sapling":1,"minecraft:stick":13,"minecraft:sweet_berries":60,"minecraft:torch":2,"minecraft:spruce_stairs":1,"alexsmobs:crocodile_egg":3,"minecraft:spruce_sapling":18,"minecraft:white_bed":1,"minecraft:spruce_log":42,"minecraft:red_terracotta":4,"minecraft:stone_sword":1,"minecraft:arrow":3,"minecraft:peony":1,"minecraft:oak_sapling":14,"minecraft:dark_oak_wood":3,"minecraft:white_wool":8,"minecraft:cobblestone":16},"minecraft:killed_by":{"alexsmobs:crocodile":5,"minecraft:skeleton":1},"minecraft:dropped":{"minecraft:wheat_seeds":1,"minecraft:cobblestone":6,"minecraft:iron_helmet":1,"minecraft:rotten_flesh":1,"minecraft:white_bed":1,"minecraft:wooden_axe":2,"minecraft:leather_boots":2,"gravestone:obituary":9,"minecraft:wooden_sword":1,"minecraft:wooden_pickaxe":1,"minecraft:spruce_sapling":18},"minecraft:used":{"minecraft:peony":1,"minecraft:stone_sword":4,"minecraft:spruce_slab":2,"minecraft:wooden_pickaxe":29,"minecraft:spruce_planks":22,"minecraft:shield":19,"minecraft:wooden_shovel":15,"minecraft:white_wool":1,"minecraft:torch":16,"minecraft:dirt":28,"minecraft:crafting_table":7,"minecraft:spruce_stairs":1,"minecraft:white_bed":1,"minecraft:crossbow":1,"minecraft:dark_oak_planks":6,"minecraft:wooden_axe":83,"minecraft:bread":3,"alexsmobs:crocodile_egg":2,"minecraft:dark_oak_wood":1,"minecraft:red_terracotta":4,"minecraft:wooden_sword":88,"minecraft:sweet_berries":49,"minecraft:oak_sapling":9,"alexsmobs:animal_dictionary":1},"minecraft:broken":{"minecraft:wooden_sword":1}},"DataVersion":2586}